n,trials,total_mean_s,total_std_s,read_mean_s,compute_mean_s,write_mean_s
5000,35,0.05818871294285714,0.000982415070020113,0.034853848800000004,0.023090108342857144,0.00022386242857142858
10000,9,0.22979858855555554,0.007307745631691459,0.13708882233333333,0.09243035877777778,0.00025739155555555554
