n,trials,total_mean_s,total_std_s,read_mean_s,compute_mean_s,write_mean_s
500,1417,0.0014121407791107975,2.014005797913368e-05,0.0005505635299929429,0.0008165493606210304,4.239245589273112e-05
1000,422,0.004745146668246446,3.475370164244415e-05,0.0013801441374407582,0.003280430026066351,8.011547867298578e-05
1500,183,0.010930600699453551,5.79490304699478e-05,0.0033823505464480874,0.007398157142076502,0.00014323350819672132
2000,106,0.01901648403773585,0.00014959124119652044,0.0056981658490566035,0.013150644754716981,0.00015944809433962264
2500,69,0.02940705547826087,0.00025662866222983115,0.008651353275362319,0.020581172855072462,0.00016543142028985507
3000,48,0.04189070564583333,0.0003374918715246768,0.012065097708333333,0.029647057208333334,0.00016820920833333333
3500,36,0.056599206444444446,0.00046185739514705666,0.016254842250000002,0.040155808055555554,0.00017488661111111112
4000,28,0.07365774264285714,0.0006929277370703029,0.02100437882142857,0.05246395725,0.00017505878571428572
